epoch,mse,bit_accuracy,positive_recall,sibling_distance,within_domain_distance,between_domain_distance,nearest_sibling_fraction,hierarchy_ordered
0,0.22671744720576112,0.49032258064516127,0.3025210084033613,0.2625436016844588,0.3187122038527834,0.2981841654481831,0.375,False
1,0.052241719851710354,0.9360215053763441,0.0,0.2625901273943818,0.31919248236760406,0.29842796959331047,0.375,False
2,0.04619612489167716,0.9360215053763441,0.0,0.2623888018467239,0.3191241156532847,0.298211538265301,0.375,False
3,0.04501545126285368,0.9360215053763441,0.0,0.26233971418274743,0.3191319829671403,0.2981144961054786,0.375,False
4,0.044534079622868344,0.9360215053763441,0.0,0.26231004136595876,0.3191298104813858,0.2980409871046995,0.375,False
5,0.044186167650863736,0.9360215053763441,0.0,0.2622950194983386,0.31914032212727217,0.297986558313037,0.375,False
6,0.04389750020525589,0.9360215053763441,0.0,0.2623024473841408,0.3191692431331299,0.2979628683530947,0.375,False
7,0.0436988305366813,0.9360215053763441,0.0,0.26230408384666665,0.3191879583335452,0.29793364284507806,0.375,False
8,0.04351744118860513,0.9360215053763441,0.0,0.2623187174629019,0.3192114247857119,0.2979030799786389,0.375,False
9,0.04311375371275854,0.9360215053763441,0.0,0.26233154504731715,0.31923257135990973,0.29788050899515717,0.375,False
10,0.04276833685831016,0.9360215053763441,0.0,0.26235097249001743,0.31926087487627075,0.29786513415427923,0.375,False
11,0.04243374408820061,0.9360215053763441,0.0,0.26238904837038785,0.3193049538079471,0.2978730933585566,0.375,False
12,0.04207788933899824,0.9360215053763441,0.0,0.26240718089475396,0.319318050500547,0.29786070547870946,0.375,False
13,0.04168096482691027,0.9360215053763441,0.0,0.2624295240388016,0.31934523098546413,0.2978511658703329,0.375,False
14,0.041252086006135266,0.9360215053763441,0.0,0.2624086940887614,0.31936423553417365,0.2978216615269442,0.375,False
15,0.04073728530069686,0.9360215053763441,0.0,0.2624196997334341,0.31937381301759116,0.29780082776717504,0.375,False
16,0.040245753867034946,0.9360215053763441,0.0,0.26243666630203244,0.3193839091002796,0.2977901339385688,0.375,False
17,0.03965192204689226,0.9360215053763441,0.0,0.262449374521021,0.319382666151381,0.2977649880900819,0.375,False
18,0.039040965151538404,0.9446236559139785,0.13445378151260504,0.2624737569988408,0.3194097165291762,0.29774910625873174,0.375,False
19,0.03844051851875118,0.9451612903225807,0.14285714285714285,0.26244008814341535,0.31937919076907273,0.2976920758535361,0.375,False
20,0.03798177620310985,0.9440860215053763,0.12605042016806722,0.2624306956181059,0.3193996520525678,0.2976814478115237,0.375,False
21,0.03717464163629821,0.9478494623655914,0.18487394957983194,0.262420535937821,0.3193785683532074,0.2976254429377422,0.375,False
22,0.03661926490327226,0.9483870967741935,0.19327731092436976,0.2624134993588514,0.3193905875344319,0.29758791919200533,0.375,False
23,0.0359736845353479,0.9521505376344086,0.25210084033613445,0.26237802901114493,0.31936893464764105,0.2975395034873274,0.375,False
24,0.03528177781669574,0.9521505376344086,0.25210084033613445,0.26236268030196896,0.31935622068277825,0.29749832968320944,0.375,False
25,0.03467091158401458,0.9602150537634409,0.37815126050420167,0.26234478533408506,0.3193513708829465,0.29746031341029483,0.375,False
26,0.03408971127391921,0.9602150537634409,0.37815126050420167,0.26231483396434546,0.3193364964580112,0.29741303603457714,0.375,False
27,0.03350724341543743,0.9602150537634409,0.37815126050420167,0.2622869918717896,0.31931842851620673,0.297364399272808,0.375,False
28,0.03297361803969262,0.9602150537634409,0.37815126050420167,0.2622503409852289,0.31931247679078745,0.29731901277449685,0.375,False
29,0.03248233509057704,0.9602150537634409,0.37815126050420167,0.26219929554373267,0.31928095593450956,0.2972508620713642,0.375,False
30,0.031963568092954635,0.9602150537634409,0.37815126050420167,0.2621174407789699,0.31925770567616196,0.29719632028934095,0.375,False
31,0.03148954461950505,0.9602150537634409,0.37815126050420167,0.2620860645315774,0.31923397719153024,0.2971468826354369,0.375,False
32,0.03107492035314177,0.9602150537634409,0.37815126050420167,0.2620301465100622,0.31920991035063434,0.2970899232387376,0.375,False
33,0.030672347916435222,0.9602150537634409,0.37815126050420167,0.2619891340737338,0.31921813992967774,0.29707751224205914,0.375,False
34,0.03026473776730954,0.9602150537634409,0.37815126050420167,0.2619161785076656,0.3191839806395399,0.2970100950001058,0.375,False
35,0.029901213053094566,0.9602150537634409,0.37815126050420167,0.2618576161375734,0.3191757825916776,0.29697248865297515,0.375,False
36,0.029573366711907037,0.9602150537634409,0.37815126050420167,0.261789230824275,0.3191711146225267,0.29692597524445086,0.375,False
37,0.029266225803971386,0.9602150537634409,0.37815126050420167,0.261738727372326,0.3191764798485146,0.2969009681059637,0.375,False
38,0.028969300726985864,0.9602150537634409,0.37815126050420167,0.26168664535203995,0.3191813575758158,0.29687603566364823,0.375,False
39,0.028700606588605574,0.9602150537634409,0.37815126050420167,0.26161810718729805,0.3191780884959196,0.29683156550198453,0.375,False
40,0.0284468163864791,0.9602150537634409,0.37815126050420167,0.26156734867049103,0.31919530275339747,0.2968138564742015,0.375,False
41,0.028210833396515103,0.9602150537634409,0.37815126050420167,0.2615316461886549,0.3192213159193838,0.29680720029049074,0.375,False
42,0.027998428752374398,0.9602150537634409,0.37815126050420167,0.2614913859533338,0.31924605132725803,0.29680060996491797,0.375,False
43,0.027795458336727957,0.9602150537634409,0.37815126050420167,0.26144577010006737,0.31926615558399307,0.2967893948664623,0.375,False
44,0.027611193914156253,0.9602150537634409,0.37815126050420167,0.26141809377051867,0.31929561307942267,0.29678647110443146,0.375,False
45,0.027438276540509714,0.9602150537634409,0.37815126050420167,0.2613800603997788,0.3193283049959953,0.2967866879265655,0.375,False
46,0.02727933538135913,0.9602150537634409,0.37815126050420167,0.2613367866438385,0.31936536572165264,0.2967887263783844,0.375,False
47,0.027133456449101322,0.9602150537634409,0.37815126050420167,0.261306789962976,0.31940126923179624,0.29679406853522294,0.375,False
48,0.027001371964527947,0.9602150537634409,0.37815126050420167,0.26127766296193566,0.31944297708782876,0.29680577675460623,0.375,False
49,0.026864586399781478,0.9602150537634409,0.37815126050420167,0.26123707461231715,0.3194950695923495,0.2968279438164206,0.375,False
50,0.02674739835522237,0.9602150537634409,0.37815126050420167,0.26121443252157484,0.3195493656726514,0.2968513314737016,0.375,False
51,0.026638063294516998,0.9602150537634409,0.37815126050420167,0.261188488357339,0.31960087193702136,0.29687477689762554,0.375,False
52,0.026532035524599287,0.9602150537634409,0.37815126050420167,0.2611609293302515,0.31965800339559314,0.2969041801079868,0.375,False
53,0.026439156079835255,0.9602150537634409,0.37815126050420167,0.26114789967161717,0.31972373606379856,0.29694440017931556,0.375,False
54,0.026344703298684928,0.9602150537634409,0.37815126050420167,0.261126989032743,0.319788647204,0.2969769683253055,0.375,False
55,0.02626759787322018,0.9602150537634409,0.37815126050420167,0.26111131993600095,0.3198541035626745,0.2970135970626927,0.375,False
56,0.026180068373512364,0.9602150537634409,0.37815126050420167,0.26109103905787534,0.319917956710296,0.29705559328320796,0.375,False
57,0.026113084885042576,0.9602150537634409,0.37815126050420167,0.26106635063014855,0.3200038713530844,0.2971116665145621,0.375,False
58,0.026035938986627892,0.9602150537634409,0.37815126050420167,0.2610527645515943,0.3200717849721887,0.2971639111124351,0.375,False
59,0.025968904895353483,0.9602150537634409,0.37815126050420167,0.2610349401895287,0.3201452471472396,0.2972126421701867,0.375,False
60,0.02591205723863319,0.9602150537634409,0.37815126050420167,0.2610150392274043,0.32023513026239175,0.29727352201932034,0.375,False
61,0.025851018490972735,0.9602150537634409,0.37815126050420167,0.2609959621215752,0.3203267070857301,0.29734602090755274,0.375,False
62,0.02579603541885597,0.9602150537634409,0.37815126050420167,0.2609868033933516,0.3204030018446091,0.297403883826321,0.375,False
63,0.025746566179636703,0.9602150537634409,0.37815126050420167,0.26097041502628016,0.32050736730722934,0.2974885846477877,0.375,False
64,0.02569206753062187,0.9602150537634409,0.37815126050420167,0.26095951245557014,0.3206001542569518,0.2975574422636016,0.375,False
65,0.02565504827741813,0.9602150537634409,0.37815126050420167,0.260948526615191,0.32068924314048114,0.29762862080250063,0.375,False
66,0.025597980241115276,0.9602150537634409,0.37815126050420167,0.2609421059890533,0.3207971102718521,0.29772226437961585,0.375,False
67,0.025554944402032057,0.9602150537634409,0.37815126050420167,0.2609328668735188,0.3208978368978426,0.2978123933856211,0.375,False
68,0.025512139170762393,0.9602150537634409,0.37815126050420167,0.2609271713271601,0.3209916665862926,0.2979026026493028,0.375,False
69,0.025486477262347502,0.9602150537634409,0.37815126050420167,0.26092286686055877,0.3210851858551972,0.29799218325329724,0.375,False
70,0.025433834608373847,0.9602150537634409,0.37815126050420167,0.26090938810796976,0.3212099903166469,0.29810497768302824,0.5,False
71,0.025404715974881024,0.9602150537634409,0.37815126050420167,0.26090210467726516,0.3213232369165019,0.2982125580885582,0.5,False
72,0.02536760391352694,0.9602150537634409,0.37815126050420167,0.26090662674410026,0.32143541256360436,0.2983186225012351,0.5,False
73,0.025328393150499475,0.9602150537634409,0.37815126050420167,0.2609070102714323,0.3215335419091495,0.2984176413221997,0.5,False
74,0.025297077569375902,0.9602150537634409,0.37815126050420167,0.26090733938464394,0.32165726976536474,0.2985443001075653,0.5,False
75,0.025268105250406285,0.9602150537634409,0.37815126050420167,0.2609087318756939,0.3217650973828966,0.298650643005547,0.5,False
76,0.025237343684172138,0.9602150537634409,0.37815126050420167,0.2609020433162391,0.3218891483093238,0.29877909661859736,0.5,False
77,0.025205506506133128,0.9602150537634409,0.37815126050420167,0.26088722789742513,0.3220217218773067,0.2989155921562432,0.5,False
78,0.025179276581006892,0.9602150537634409,0.37815126050420167,0.26088388812443686,0.3221412910168903,0.29904433633963073,0.5,False
79,0.02514809859770342,0.9602150537634409,0.37815126050420167,0.2608749416816845,0.32226258587598877,0.2991674929239572,0.5,False
80,0.02512030923065721,0.9602150537634409,0.37815126050420167,0.2608745262350035,0.3224002653356976,0.29931624875926777,0.5,False
81,0.02509532757678831,0.9602150537634409,0.37815126050420167,0.26087965354344,0.32254288237692025,0.2994716627815297,0.5,False
82,0.025076143514724557,0.9602150537634409,0.37815126050420167,0.26087876838428964,0.3226687972128276,0.2996084270932287,0.5,False
83,0.025048046984239482,0.9602150537634409,0.37815126050420167,0.26088541774921076,0.3228040818685737,0.2997576553114975,0.5,False
84,0.025024669067254108,0.9602150537634409,0.37815126050420167,0.2608842362879624,0.32294734180472173,0.2999200625964006,0.5,False
85,0.024996412867105522,0.9602150537634409,0.37815126050420167,0.2608833686624614,0.3230804725021219,0.3000801274522362,0.5,False
86,0.02497497835151816,0.9602150537634409,0.37815126050420167,0.2608754928859537,0.3232222884263191,0.30023889050882047,0.5,False
87,0.024955177001663158,0.9602150537634409,0.37815126050420167,0.260884370079298,0.3233653918989172,0.30040953463784426,0.5,False
88,0.024932471066335258,0.9602150537634409,0.37815126050420167,0.26088696387411386,0.32351178266230907,0.3005877510491266,0.5,False
89,0.024905391364167664,0.9602150537634409,0.37815126050420167,0.26087987892254655,0.32366577338259295,0.30077255980735046,0.5,False
90,0.02488573386311575,0.9602150537634409,0.37815126050420167,0.26088025224163325,0.32381924516262395,0.300962037981657,0.5,False
91,0.024869889675402275,0.9602150537634409,0.37815126050420167,0.26089168582399536,0.32397967088405466,0.30115897900966215,0.5,False
92,0.02484648181642499,0.9602150537634409,0.37815126050420167,0.2608864191865463,0.3241280953791325,0.3013471442997796,0.5,False
93,0.024823847522371646,0.9602150537634409,0.37815126050420167,0.260887075451033,0.32427090204388626,0.3015311382973119,0.5,False
94,0.024809457164814575,0.9602150537634409,0.37815126050420167,0.2608939522402943,0.32444359034948084,0.30174776640854156,0.5,False
95,0.024785445694060493,0.9602150537634409,0.37815126050420167,0.26089624388716304,0.3246005844528618,0.3019443347100583,0.5,False
96,0.024766095126926877,0.9602150537634409,0.37815126050420167,0.2609033605911878,0.32475992190186315,0.30215597406670874,0.5,False
97,0.024756444050213128,0.9602150537634409,0.37815126050420167,0.26091121939466255,0.3249593630996743,0.30240297828539164,0.5,False
98,0.024730328480922003,0.9602150537634409,0.37815126050420167,0.26091022379730977,0.3251306120831966,0.3026337091397041,0.5,False
99,0.024709588503008847,0.9602150537634409,0.37815126050420167,0.26092065136234494,0.32530642080358024,0.3028689982403261,0.5,False
100,0.02469113521240103,0.9602150537634409,0.37815126050420167,0.2609318519203811,0.325466812663033,0.3030811275243141,0.5,False
101,0.024673572802032022,0.9602150537634409,0.37815126050420167,0.26093518486324213,0.3256329887602473,0.303321584262771,0.5,False
102,0.024658084837336055,0.9602150537634409,0.37815126050420167,0.26092702740859786,0.3258105609591786,0.30356409753593383,0.5,False
103,0.024637141443889555,0.9602150537634409,0.37815126050420167,0.2609262293024796,0.3259823593965514,0.3038073374810709,0.5,False
104,0.024623389327302878,0.9602150537634409,0.37815126050420167,0.260935628200827,0.3261586387578222,0.3040521322981159,0.5,False
105,0.02460196708614893,0.9602150537634409,0.37815126050420167,0.2609459920127288,0.32634979484720167,0.3043230290269211,0.5,False
106,0.024582948727554548,0.9602150537634409,0.37815126050420167,0.2609553956015313,0.3265406298991954,0.30459120702370757,0.5,False
107,0.024565817577452555,0.9602150537634409,0.37815126050420167,0.2609737376146087,0.32672270331266073,0.3048463558635298,0.5,False
108,0.02454850063980237,0.9602150537634409,0.37815126050420167,0.2609874331997284,0.3269221450277788,0.30513247808484917,0.5,False
109,0.024532136777534873,0.9602150537634409,0.37815126050420167,0.26099800919194616,0.32712450355246897,0.30542185157617796,0.5,False
110,0.024516393974462185,0.9602150537634409,0.37815126050420167,0.26100646607795414,0.3272996278890091,0.30569290251621806,0.5,False
111,0.0244995475336491,0.9602150537634409,0.37815126050420167,0.2610116251209805,0.3275223226350038,0.30600491185961487,0.5,False
112,0.024486099025433,0.9602150537634409,0.37815126050420167,0.26101539217304576,0.32771823679183576,0.3062974024807885,0.5,False
113,0.024477386582245797,0.9602150537634409,0.37815126050420167,0.2610200709699686,0.3279366891865652,0.30660329335824743,0.5,False
114,0.024455380638965383,0.9602150537634409,0.37815126050420167,0.26103173735518587,0.3281461162009187,0.30691491639213897,0.5,False
115,0.024437718160857238,0.9602150537634409,0.37815126050420167,0.2610393854922577,0.32835067838055104,0.30722866805830357,0.5,False
116,0.02442069579309211,0.9602150537634409,0.37815126050420167,0.261050626337323,0.3285586938585328,0.3075339858648538,0.5,False
117,0.02440815573636566,0.9602150537634409,0.37815126050420167,0.2610594425114442,0.3287948981971319,0.30787607409021145,0.5,False
118,0.02439302296104247,0.9602150537634409,0.37815126050420167,0.26106033136678697,0.3289993323930763,0.30819979997575864,0.5,False
119,0.024374922264631862,0.9602150537634409,0.37815126050420167,0.2610692878833045,0.3292032423787343,0.30851668670194665,0.5,False
120,0.024363792461035573,0.9602150537634409,0.37815126050420167,0.26107980187678215,0.32943245141039756,0.308866459863924,0.5,False
121,0.024355058233893213,0.960752688172043,0.3865546218487395,0.26108356231834934,0.3296382812162817,0.3091951943126377,0.5,False
122,0.024339783435681283,0.9602150537634409,0.37815126050420167,0.26110531976288676,0.329907497467085,0.30959362900633525,0.5,False
123,0.024330050457684646,0.9596774193548387,0.37815126050420167,0.2611050611309828,0.33012447526956157,0.30993090259394684,0.5,False
124,0.024308247910533723,0.960752688172043,0.3865546218487395,0.2611150381955572,0.33035957575081876,0.3102947243725216,0.5,False
125,0.024293952114480953,0.960752688172043,0.3865546218487395,0.2611278058483383,0.33059326067699146,0.3106650176842551,0.5,False
126,0.02428052092012912,0.9602150537634409,0.37815126050420167,0.2611407826972025,0.3308450003500696,0.3110672374404847,0.5,False
127,0.02426590432952574,0.9602150537634409,0.37815126050420167,0.2611546076460788,0.3310959686222078,0.31145661078592574,0.5,False
128,0.024254309263757632,0.9602150537634409,0.37815126050420167,0.26116398710940836,0.33136110192874824,0.3118534423993589,0.5,False
129,0.024244752670955227,0.9602150537634409,0.37815126050420167,0.2611680892627712,0.33161570132448515,0.31226316935798604,0.5,False
130,0.024230854802330226,0.9602150537634409,0.37815126050420167,0.2611822744197033,0.33187942876075915,0.3126786612276853,0.5,False
131,0.024214418650415088,0.9602150537634409,0.37815126050420167,0.2611976612972738,0.33213326832452644,0.3130852952895076,0.5,False
132,0.02420201378650233,0.9602150537634409,0.37815126050420167,0.2612044317327805,0.33239360758164505,0.31351034714671744,0.5,False
133,0.024196800195597192,0.9602150537634409,0.37815126050420167,0.26121713841270777,0.3326704817567496,0.3139531684980413,0.5,False
134,0.02418136054247557,0.9602150537634409,0.37815126050420167,0.2612228509720546,0.3329399273717202,0.31438026623405546,0.5,False
135,0.02416881949657176,0.9602150537634409,0.37815126050420167,0.26123136386538104,0.3332211916083707,0.3148337759485693,0.5,False
136,0.024159357091643227,0.9602150537634409,0.37815126050420167,0.26124369356332633,0.3334913789860767,0.3152717176450788,0.5,False
137,0.024142102374918976,0.9602150537634409,0.37815126050420167,0.2612552707990414,0.3337558033174015,0.3157056052666157,0.5,False
138,0.024130407571321226,0.9602150537634409,0.37815126050420167,0.261257430953043,0.3340325412482109,0.3161707815806232,0.5,False
139,0.0241176107776799,0.9602150537634409,0.37815126050420167,0.2612528977651688,0.3342864032718125,0.3166103793877135,0.5,False
140,0.024112822155867773,0.9618279569892473,0.40336134453781514,0.2612567141708208,0.3345525244846581,0.31706903757662935,0.5,False
141,0.024096096560420503,0.9602150537634409,0.37815126050420167,0.26126075744881344,0.3348549282827502,0.31756889446672554,0.625,False
142,0.02408366636253769,0.9602150537634409,0.37815126050420167,0.2612637750909293,0.33514736661952005,0.3180494880464906,0.625,False
143,0.02407478951488622,0.9602150537634409,0.37815126050420167,0.26127124674446706,0.3354429890154025,0.3185547945538811,0.625,False
144,0.024064917542313765,0.960752688172043,0.3865546218487395,0.2612712782771407,0.33573110263568284,0.31903424822494264,0.625,False
145,0.024056183223325235,0.960752688172043,0.3865546218487395,0.26128096005264784,0.33602160079744353,0.3195266872248108,0.625,False
146,0.024041823544964345,0.9602150537634409,0.37815126050420167,0.26129856360794323,0.3363526840781408,0.3200702930787952,0.625,False
147,0.024033979773507776,0.9602150537634409,0.37815126050420167,0.26131795972252553,0.3366807762055529,0.3206313322030929,0.625,False
148,0.02402200320393511,0.9602150537634409,0.37815126050420167,0.26132611349144613,0.3369806818104799,0.32115108378950996,0.625,False
149,0.02401191395901336,0.9602150537634409,0.37815126050420167,0.26133333803502273,0.3372960392134777,0.3216963653918231,0.625,False
150,0.024008952906391785,0.9602150537634409,0.37815126050420167,0.2613480338809044,0.3376527867409983,0.32228701188171555,0.625,False
151,0.023995465470393676,0.9602150537634409,0.37815126050420167,0.26135197893620343,0.33797809023016123,0.3228292253747495,0.625,False
152,0.023984867377528835,0.960752688172043,0.3865546218487395,0.2613418677245817,0.33827639849331326,0.3233681490080826,0.625,False
153,0.023975426335745103,0.9602150537634409,0.37815126050420167,0.26134867650548443,0.3386281048027976,0.3239592468982323,0.625,False
154,0.023965174980235766,0.960752688172043,0.3865546218487395,0.2613456740245995,0.33896342930695444,0.3245438124560006,0.625,False
155,0.023955573137201022,0.9602150537634409,0.37815126050420167,0.26134943793377857,0.3393042839015469,0.3251345862945979,0.625,False
156,0.023950875749914502,0.9618279569892473,0.40336134453781514,0.26135128419777076,0.33962974691358117,0.32568635908697113,0.625,False
157,0.023950282843033955,0.960752688172043,0.42857142857142855,0.26135189774489187,0.3399784033702994,0.32626952578670015,0.625,False
158,0.023937605240340977,0.9623655913978495,0.4117647058823529,0.26136207278551715,0.3403587026026564,0.32691391595899233,0.625,False
159,0.023926239996169867,0.9602150537634409,0.3865546218487395,0.26137269671698404,0.34074419705182385,0.3275807633042529,0.625,False
160,0.023918613293938105,0.9602150537634409,0.3865546218487395,0.2613655936141294,0.3411062570575018,0.32820702535271534,0.625,False
161,0.02390407364062904,0.960752688172043,0.3865546218487395,0.26136408738871375,0.34148943612943194,0.32887026218509846,0.625,False
162,0.02389509190510784,0.9602150537634409,0.37815126050420167,0.2613716577553655,0.3418596038892299,0.32953913824309033,0.625,False
163,0.023887687083736776,0.9602150537634409,0.37815126050420167,0.26138428035628863,0.342243262643655,0.33021603417216205,0.625,False
164,0.023885282751073714,0.9602150537634409,0.37815126050420167,0.2613993549167969,0.3426412036137857,0.33093096199210426,0.625,False
165,0.02387264414464711,0.9602150537634409,0.37815126050420167,0.2613924173132323,0.3430264174181979,0.331578207310359,0.625,False
166,0.023864108901321776,0.9623655913978495,0.4117647058823529,0.2613854363329786,0.34337729030728836,0.33220847615752896,0.625,False
167,0.023863086686441198,0.9629032258064516,0.42016806722689076,0.26139250692072824,0.3437736431831634,0.3329090496997375,0.625,False
168,0.02385058189869548,0.9623655913978495,0.4117647058823529,0.2614020820143088,0.3441848189311588,0.333631698548499,0.625,False
169,0.023839830412674547,0.9623655913978495,0.4117647058823529,0.26140628206385197,0.34460510630659014,0.3343938772722046,0.625,False
170,0.02383001921352558,0.9623655913978495,0.4117647058823529,0.26140337814760145,0.3450156742347694,0.33514111871120333,0.625,False
171,0.023822152019507936,0.9623655913978495,0.4117647058823529,0.2614168783555019,0.3454603704827395,0.33592929732629184,0.625,False
172,0.023813173547525122,0.9602150537634409,0.37815126050420167,0.26142713044232274,0.34591505015641666,0.336726636124434,0.625,False
173,0.02380592310837121,0.960752688172043,0.3865546218487395,0.2614347864985687,0.3463528076746275,0.3374913291662391,0.625,False
174,0.023798728587920176,0.9602150537634409,0.37815126050420167,0.2614568242382156,0.34682464213053293,0.3383198621807156,0.625,False
175,0.023791163240739766,0.960752688172043,0.3865546218487395,0.2614490927264654,0.34723082550080925,0.33906844013649434,0.625,False
176,0.02378684461545554,0.9623655913978495,0.4117647058823529,0.2614476296911385,0.3476718379780014,0.339878120145262,0.625,False
177,0.023787995027732357,0.960752688172043,0.42857142857142855,0.26143438781842904,0.3480878681147758,0.34064613241721314,0.625,False
178,0.02378269447544093,0.9639784946236559,0.44537815126050423,0.2614340110794394,0.34853163445029284,0.3414916194224948,0.625,False
179,0.023759225213403918,0.960752688172043,0.3865546218487395,0.26143068273465303,0.3490004693685176,0.34235605919867507,0.75,False
180,0.02375700721298377,0.9623655913978495,0.4117647058823529,0.2614498636120341,0.34946183101999406,0.3431934085176295,0.75,False
181,0.02374980127193594,0.9623655913978495,0.4117647058823529,0.26146017999195564,0.34993882983244284,0.344068047775875,0.75,False
182,0.023740429476158495,0.9623655913978495,0.4117647058823529,0.26146568288830074,0.350408178297098,0.34496855377243796,0.75,False
183,0.02373198707301616,0.9618279569892473,0.4117647058823529,0.2614678172383822,0.3508926811760108,0.345870682673597,0.75,False
184,0.023717449732917548,0.9602150537634409,0.37815126050420167,0.2614851304432414,0.35144159770031874,0.346878661322574,0.75,False
185,0.023715044347592463,0.9602150537634409,0.37815126050420167,0.2614945734417203,0.35197429045519635,0.3478680138709876,0.75,False
186,0.0237080649229291,0.9602150537634409,0.37815126050420167,0.26149082215574837,0.3524975810543618,0.3488147407603293,0.75,False
187,0.023691176731573255,0.960752688172043,0.3865546218487395,0.26146244609377156,0.3529409880915879,0.3496634319698942,0.75,False
188,0.023685578765460097,0.9612903225806452,0.3949579831932773,0.261471230180332,0.35345199550156925,0.3506514488939778,0.75,False
189,0.023677010521274012,0.9618279569892473,0.4117647058823529,0.2614573721995576,0.35393616866803596,0.35157575976005484,0.75,False
190,0.02366891515625695,0.9623655913978495,0.4117647058823529,0.2614523712033282,0.3544606114725434,0.3525903442340722,0.75,False
191,0.02365826622645163,0.960752688172043,0.3865546218487395,0.2614727698266581,0.3550278670631743,0.3536601177089038,0.75,False
192,0.02366010117315701,0.9634408602150538,0.42857142857142855,0.26146630824647793,0.35553767637034844,0.3546681818404464,0.75,False
193,0.023644630288711936,0.9623655913978495,0.4117647058823529,0.2614697494898496,0.3561068339864598,0.3557267941540574,0.75,False
194,0.02363670148801076,0.9602150537634409,0.37815126050420167,0.261486559809602,0.3567428106645137,0.3568665676677186,0.75,True
195,0.02362687754774651,0.9629032258064516,0.42016806722689076,0.26144799812170666,0.3572145768091579,0.3577962041586825,0.75,True
196,0.02361877042628001,0.9629032258064516,0.42016806722689076,0.2614282015003358,0.3577561354506159,0.3588730590818182,0.75,True
197,0.023605755632418454,0.9618279569892473,0.40336134453781514,0.26143201283011536,0.3583740959643187,0.36004353784214216,0.75,True
198,0.023595181765197183,0.960752688172043,0.3865546218487395,0.26144171074411915,0.35897182490540447,0.361193677139263,0.75,True
199,0.023587399281354417,0.960752688172043,0.3865546218487395,0.2614237096562964,0.35956202403710924,0.3623451292189784,0.75,True
200,0.023577702229182904,0.960752688172043,0.3865546218487395,0.2613973224611309,0.3601145011333063,0.36345355796160034,0.75,True
201,0.023566619202646955,0.960752688172043,0.3865546218487395,0.2613825028257006,0.3606984596280066,0.3646216001449941,0.75,True
202,0.023558563091480873,0.960752688172043,0.3865546218487395,0.2613660425268247,0.3613109674043254,0.3658152754233133,0.75,True
203,0.023551669135339286,0.960752688172043,0.3949579831932773,0.2613714448837887,0.3619204056881585,0.36697683408660325,0.75,True
204,0.023539159619733446,0.9623655913978495,0.4117647058823529,0.26136030670748006,0.36254596110573606,0.36821462555649326,0.75,True
205,0.02352840115900884,0.9623655913978495,0.4117647058823529,0.2613481335027755,0.36316068797607,0.36942941879818836,0.75,True
206,0.023519763503394797,0.9623655913978495,0.4117647058823529,0.26134513793499914,0.36378824163346524,0.3706781088000256,0.75,True
207,0.02350891234029928,0.9623655913978495,0.4117647058823529,0.2613362315679827,0.3644400211805197,0.3719641824986274,0.75,True
208,0.023501607582225,0.960752688172043,0.3865546218487395,0.26133591481188406,0.3651519914120739,0.3733554421511453,0.75,True
209,0.023490620182402954,0.960752688172043,0.3865546218487395,0.26130863903477186,0.36579489212306115,0.37468473729175633,0.75,True
210,0.023479013341477527,0.960752688172043,0.3865546218487395,0.26128645432377184,0.36644378479175077,0.3760023146397312,0.75,True
211,0.02347427518317508,0.9602150537634409,0.37815126050420167,0.2612858731642059,0.3671544259424806,0.37742097022987336,0.75,True
212,0.0234592365056378,0.9623655913978495,0.4117647058823529,0.26123642039082917,0.3677482685704753,0.3786864712912035,0.75,True
213,0.023445595607114594,0.960752688172043,0.3865546218487395,0.261231872441096,0.36846014155081885,0.38013596680490735,0.75,True
214,0.023434110707461812,0.9629032258064516,0.42016806722689076,0.26119607587527705,0.36912125170675864,0.3815065365282183,0.75,True
215,0.023425490126910017,0.9629032258064516,0.42016806722689076,0.26117397505754814,0.3698449819635499,0.38292277712529943,0.75,True
216,0.023410477176847008,0.9618279569892473,0.40336134453781514,0.26117021345983493,0.37058663314278767,0.38445023025508496,0.75,True
217,0.02340169863635103,0.960752688172043,0.3865546218487395,0.261155910612595,0.3713360393383191,0.38602216211789,0.75,True
218,0.02338624454055756,0.9618279569892473,0.40336134453781514,0.2611114173370962,0.3720011981391995,0.38744174001329446,0.75,True
219,0.023377824828218676,0.9629032258064516,0.42016806722689076,0.2610776300544919,0.3726759326457423,0.3888514227919394,0.75,True
220,0.02336568567990729,0.9634408602150538,0.42857142857142855,0.26106901577722424,0.37341459771679186,0.390414993673779,0.75,True
221,0.02335146404197047,0.9623655913978495,0.4117647058823529,0.2610779766714875,0.37424009905817157,0.39213139363474825,0.75,True
222,0.02333932079767923,0.9618279569892473,0.40336134453781514,0.261075067157981,0.37503237430640773,0.3937992621582429,0.75,True
223,0.023324172980835226,0.9618279569892473,0.40336134453781514,0.26105396777132106,0.37581088263961715,0.39543697759516777,0.75,True
224,0.023329970983252,0.9602150537634409,0.37815126050420167,0.261032993693806,0.3766531699007742,0.39719646433091593,0.75,True
225,0.02329744533170368,0.9618279569892473,0.40336134453781514,0.2609892953709458,0.37735606065965954,0.39874020035677804,0.75,True
226,0.02328038788491734,0.9629032258064516,0.42016806722689076,0.26095955446836283,0.37811554371079503,0.400352041123196,0.75,True
227,0.023265981797626428,0.9623655913978495,0.4117647058823529,0.260948438878448,0.3789347804866797,0.40205545913531165,0.75,True
228,0.023254415477148203,0.9623655913978495,0.4117647058823529,0.2609231599634983,0.3797545877328036,0.40384289628290515,0.75,True
229,0.023235548278080446,0.9623655913978495,0.4117647058823529,0.26089299556155787,0.38057988076431115,0.4056006130748913,0.75,True
230,0.02322663587259582,0.9612903225806452,0.40336134453781514,0.26086702192395633,0.38146581938273005,0.40750274919422713,0.75,True
231,0.023209914141311034,0.9623655913978495,0.4117647058823529,0.26082091199748797,0.3823041819178039,0.4093424716821735,0.75,True
232,0.023195434204530668,0.9623655913978495,0.4117647058823529,0.260785502809303,0.38319594052190176,0.4112455951175049,0.75,True
233,0.023188990650177,0.9612903225806452,0.3949579831932773,0.2607486106977543,0.38406953297671054,0.4131938715766036,0.75,True
234,0.023166276729714733,0.9623655913978495,0.4117647058823529,0.2607142294081931,0.38492156309002595,0.41507386790024414,0.75,True
235,0.02313884820409753,0.9629032258064516,0.42016806722689076,0.2606554527528314,0.38572327003316337,0.4168906900541635,0.75,True
236,0.023121753088484458,0.9629032258064516,0.42016806722689076,0.2606113519483799,0.3866365968616649,0.4189098513434514,0.75,True
237,0.02310481996239118,0.9629032258064516,0.42857142857142855,0.26055800161088405,0.38748365429797066,0.4208787749809121,0.75,True
238,0.02308662277954241,0.9629032258064516,0.42016806722689076,0.26053273561391443,0.38843782630988116,0.42300871593405925,0.75,True
239,0.02306969166693224,0.9629032258064516,0.42016806722689076,0.2604897494656184,0.3893556760036061,0.42509447175397397,0.75,True
240,0.02305978243425612,0.9629032258064516,0.42016806722689076,0.2604552189499931,0.39031298416649074,0.42729976866071495,0.75,True
241,0.023030960270218215,0.9634408602150538,0.42857142857142855,0.26037863199951916,0.3911743845537926,0.4293057645665246,0.75,True
242,0.0230140329229956,0.9634408602150538,0.42857142857142855,0.26031538542474986,0.39208812150949013,0.43136952987740046,0.75,True
243,0.022993483829787453,0.964516129032258,0.44537815126050423,0.2602489360907192,0.3930584118348586,0.43362370231412056,0.75,True
244,0.022970173622352215,0.9629032258064516,0.42016806722689076,0.2602186820446407,0.3940914614015449,0.4359575510861131,0.75,True
245,0.02295182845107818,0.9629032258064516,0.42016806722689076,0.2601741562470087,0.39512049060481147,0.4383373759708297,0.75,True
246,0.02292945380404121,0.9639784946236559,0.4369747899159664,0.26011342233296286,0.39611402283430686,0.4406441700394829,0.75,True
247,0.022909331542380933,0.964516129032258,0.44537815126050423,0.2600449232413014,0.39709531427439093,0.44289702534162123,0.75,True
248,0.022884433346342815,0.9634408602150538,0.42857142857142855,0.25997331171038196,0.3980440050212582,0.4451583287186892,0.75,True
249,0.02286529434457297,0.9634408602150538,0.42857142857142855,0.2599079508478138,0.39912137554909644,0.447552407223514,0.75,True
250,0.02285113940919586,0.9650537634408602,0.453781512605042,0.2598332429804886,0.40011609276305116,0.44984918109115624,0.75,True
251,0.022824192361926735,0.964516129032258,0.44537815126050423,0.25975851205373374,0.40115959510737004,0.4522904502388134,0.75,True
252,0.022809438723664394,0.9639784946236559,0.44537815126050423,0.25968334349547284,0.40219857316991936,0.45473013490431313,0.75,True
253,0.022789083720377915,0.9639784946236559,0.4369747899159664,0.25962653018714654,0.40318893674863143,0.4572059124608744,0.75,True
254,0.02273998380479973,0.964516129032258,0.44537815126050423,0.2596277875413207,0.40443852719004414,0.46015234471285815,0.75,True
255,0.022710745173192222,0.9639784946236559,0.4369747899159664,0.25955674579504895,0.40554396440684315,0.4627788024225141,0.75,True
256,0.022699812970047053,0.9650537634408602,0.453781512605042,0.25945831606525604,0.40659069442875617,0.46518255154233845,0.75,True
257,0.022668646923164285,0.9650537634408602,0.453781512605042,0.2594099442638085,0.4076792709626009,0.467920602222925,0.75,True
258,0.02262941166579955,0.964516129032258,0.44537815126050423,0.25933513026806465,0.40894816197746525,0.4708720910390314,0.75,True
259,0.022604985806098748,0.9639784946236559,0.4369747899159664,0.259277114181398,0.41019286882059214,0.4738472731446175,0.75,True
260,0.022575813973721093,0.964516129032258,0.44537815126050423,0.2591900824131339,0.41127236707205017,0.4765643897163665,0.75,True
261,0.022547443539643934,0.964516129032258,0.44537815126050423,0.2591173078048906,0.4125096207961939,0.4795246404079353,0.75,True
262,0.02252701923725363,0.9639784946236559,0.4369747899159664,0.2590075563959124,0.4136765860114111,0.4825055133072885,0.75,True
263,0.022489045932380734,0.964516129032258,0.44537815126050423,0.25892131228599247,0.4148566615331808,0.4854786798731726,0.75,True
264,0.02244962158986409,0.964516129032258,0.44537815126050423,0.2587903896769235,0.4158736555862835,0.4880950780013164,0.75,True
265,0.022418798136092738,0.9650537634408602,0.453781512605042,0.2587073904169295,0.4170514296826058,0.4910373196977998,0.75,True
266,0.02239952318005426,0.9650537634408602,0.453781512605042,0.2585838650563548,0.4181784799984229,0.4938611233312107,0.75,True
267,0.022349783798629595,0.964516129032258,0.44537815126050423,0.25850006964114114,0.4195694692413605,0.4972433448261234,0.75,True
268,0.022313383097643944,0.964516129032258,0.44537815126050423,0.25840145956629074,0.42087465222886855,0.5004685832400669,0.75,True
269,0.022280213940316287,0.964516129032258,0.44537815126050423,0.2582905004843636,0.4221866342284279,0.5037498698309243,0.75,True
270,0.022250733592826078,0.9650537634408602,0.46218487394957986,0.2582074063174105,0.4234894473685589,0.5070740765970667,0.75,True
271,0.022204807328084962,0.964516129032258,0.44537815126050423,0.2580799229320066,0.4246826903480613,0.5101371172455382,0.75,True
272,0.022177461048268607,0.9650537634408602,0.453781512605042,0.25797706684118493,0.4260182949858726,0.5135810156579668,0.75,True
273,0.022127142252417426,0.964516129032258,0.44537815126050423,0.25785737998442065,0.42731005535409666,0.5167614775623515,0.75,True
274,0.02209425426787061,0.9650537634408602,0.453781512605042,0.25775383942591956,0.4286549133091239,0.5202785182825936,0.75,True
275,0.022045634932620937,0.9655913978494624,0.46218487394957986,0.2576138808455027,0.4298542949479204,0.5231592658026698,0.75,True
276,0.02200528742679035,0.964516129032258,0.44537815126050423,0.25750467722737763,0.4313396112335375,0.5268588628026668,0.75,True
277,0.021962762193396313,0.9650537634408602,0.453781512605042,0.2573625528522176,0.4326851602926841,0.5302329320793451,0.875,True
278,0.02191788233617608,0.9655913978494624,0.46218487394957986,0.2572310304432074,0.43407090069680115,0.5337532527323904,0.875,True
279,0.021872407487818425,0.9650537634408602,0.453781512605042,0.2570993665356957,0.43549255708859524,0.537322185604474,0.875,True
280,0.02184069945830001,0.9650537634408602,0.453781512605042,0.25693230591630883,0.43682322291416154,0.5406252574195142,0.875,True
281,0.021781124706716185,0.9650537634408602,0.453781512605042,0.2568007756629531,0.4384133584556671,0.5446247010371068,0.875,True
282,0.021737341422127684,0.9655913978494624,0.46218487394957986,0.2566582437378451,0.43984728491245156,0.5481329915529785,0.875,True
283,0.021694612137134275,0.9650537634408602,0.453781512605042,0.2565072900301348,0.4412400463397443,0.5517564547550831,0.875,True
284,0.021635118518085673,0.9655913978494624,0.46218487394957986,0.25640233651892286,0.4428129498255905,0.5556981435163922,0.875,True
285,0.021586804549548286,0.9666666666666667,0.4789915966386555,0.2562417451307266,0.44425514093479035,0.5594386803221897,0.875,True
286,0.021539492235789864,0.964516129032258,0.44537815126050423,0.2560842024467321,0.4459077535315711,0.5634888866786801,0.875,True
287,0.02149213505387216,0.9655913978494624,0.46218487394957986,0.2559280895528952,0.4473282344616029,0.5672015980265099,0.875,True
288,0.021437310787717382,0.9661290322580646,0.47058823529411764,0.25577715570599296,0.4489506728165951,0.571211337378057,0.875,True
289,0.021376393167494952,0.9666666666666667,0.4789915966386555,0.2556030444133145,0.45043247391395497,0.5749856814998379,0.875,True
290,0.021319822637855573,0.9666666666666667,0.4789915966386555,0.2554115292102403,0.45194225906965724,0.5786554414085323,1.0,True
291,0.02126512266608546,0.9655913978494624,0.46218487394957986,0.2552476491085366,0.45349145354438997,0.5824614407101973,1.0,True
292,0.021207601051292227,0.9666666666666667,0.4789915966386555,0.2550844748347006,0.4550768275327247,0.586550132980642,1.0,True
293,0.02115289414889869,0.9661290322580646,0.47058823529411764,0.25490329185953986,0.4566074001351659,0.5905410585090893,1.0,True
294,0.021103651959489992,0.9666666666666667,0.4789915966386555,0.2546936052839173,0.4580484270214827,0.594159915769432,1.0,True
295,0.021034755315894577,0.9666666666666667,0.4789915966386555,0.2545191868229762,0.4598292427595422,0.5987043189820487,1.0,True
296,0.02097721666998597,0.967741935483871,0.4957983193277311,0.25431247528745626,0.46138760870253837,0.602548512921406,1.0,True
297,0.02091622118234061,0.967741935483871,0.4957983193277311,0.25414305453011354,0.46309537767171993,0.6068585178001369,1.0,True
298,0.02085522358909347,0.967741935483871,0.4957983193277311,0.2539540185179943,0.46466253760454806,0.6108546735924727,1.0,True
299,0.02079998158210965,0.9672043010752688,0.48739495798319327,0.25382681638226035,0.4665261821070094,0.6153032365999906,1.0,True
300,0.020733882600902455,0.967741935483871,0.5042016806722689,0.25361384788054375,0.4681335197536165,0.6192501298751946,1.0,True
301,0.02066287703770532,0.9688172043010753,0.5126050420168067,0.2534146373022,0.46974401242597735,0.6232574171127954,1.0,True
302,0.02060279278129974,0.9688172043010753,0.5210084033613446,0.25321754080945397,0.4715002116868892,0.627683928862915,1.0,True
303,0.02053265088450251,0.9698924731182795,0.5294117647058824,0.2530078757115175,0.47316406204336187,0.6318859597376658,1.0,True
304,0.020465421119662257,0.9693548387096774,0.5210084033613446,0.25279099595924914,0.4747054779360716,0.6356608104332755,1.0,True
305,0.020390804899563852,0.9693548387096774,0.5210084033613446,0.2525950005781772,0.4764681591955815,0.6399662188910622,1.0,True
306,0.020319373667388688,0.9693548387096774,0.5210084033613446,0.2523786676582367,0.4781691233800349,0.644014559494113,1.0,True
307,0.020258503496885554,0.9698924731182795,0.5294117647058824,0.252162817235641,0.48002267104968466,0.6486350044233213,1.0,True
308,0.020186033559985522,0.9693548387096774,0.5210084033613446,0.25191957571869084,0.4816469568039627,0.6522442022654318,1.0,True
309,0.020125868988583377,0.9698924731182795,0.5294117647058824,0.25167351297975876,0.48337951208983543,0.656347822548384,1.0,True
310,0.0200417750202508,0.9698924731182795,0.5294117647058824,0.2514482006053065,0.4851920837022101,0.6608409234335486,1.0,True
311,0.01997280603382943,0.9693548387096774,0.5210084033613446,0.25119909761254156,0.48695766940592466,0.6650720078995307,1.0,True
312,0.0198964675261511,0.9693548387096774,0.5210084033613446,0.2509716225750772,0.4888818836064971,0.6694319652630046,1.0,True
313,0.019821690986347125,0.9693548387096774,0.5210084033613446,0.25072644388837895,0.4905794433989591,0.6736163309723238,1.0,True
314,0.01974599887966435,0.9715053763440861,0.5546218487394958,0.25049369018985174,0.4924194436046853,0.6780048459233861,1.0,True
315,0.019671834570142446,0.9720430107526882,0.5630252100840336,0.2502035098434773,0.4941542517711471,0.682034771667589,1.0,True
316,0.019595471555965537,0.9720430107526882,0.5630252100840336,0.2499658878175422,0.49597360308109883,0.6865344535214208,1.0,True
317,0.019525288100307108,0.9715053763440861,0.5546218487394958,0.2497205809938675,0.4978948871554295,0.6909527082784086,1.0,True
318,0.019445218608907792,0.9715053763440861,0.5546218487394958,0.24943979018906004,0.49972458224550065,0.6946447126794277,1.0,True
319,0.01937147135929355,0.9715053763440861,0.5546218487394958,0.24918905710017336,0.501526218247552,0.6988033249924224,1.0,True
320,0.019291362440652726,0.9715053763440861,0.5630252100840336,0.24894559584924864,0.5033369357212553,0.7029162176342447,1.0,True
321,0.01921089240481557,0.9715053763440861,0.5630252100840336,0.24867424727355383,0.505162199129328,0.7073547207812002,1.0,True
322,0.019133181978717752,0.9715053763440861,0.5630252100840336,0.2484206960034141,0.5069095519407731,0.711472699445885,1.0,True
323,0.019058529252339813,0.9720430107526882,0.5714285714285714,0.24816941571728282,0.5088417336091369,0.715772835997738,1.0,True
324,0.01897739070449181,0.9725806451612903,0.5798319327731093,0.24788017114657723,0.5106208304663005,0.7197545226846402,1.0,True
325,0.01889786237871303,0.9731182795698925,0.5882352941176471,0.2475810842069898,0.5124640015613214,0.7239018852093826,1.0,True
326,0.018820972478355985,0.9731182795698925,0.5882352941176471,0.2473069909535297,0.5143025973212165,0.7279233491649941,1.0,True
327,0.01873887360425606,0.9731182795698925,0.5882352941176471,0.24704317016225913,0.5161239705723355,0.7321245269258014,1.0,True
328,0.01867109733408488,0.9731182795698925,0.5882352941176471,0.2467539679262012,0.5181407807112176,0.7365809464906798,1.0,True
329,0.018582005795461612,0.9731182795698925,0.5882352941176471,0.24644271488639558,0.519978623385898,0.7405656242917726,1.0,True
330,0.018502373424345395,0.9747311827956989,0.6134453781512605,0.24614659504160635,0.5217762568378581,0.7444844151851968,1.0,True
331,0.018419540350553106,0.975268817204301,0.6218487394957983,0.24581295377456563,0.5235758508732657,0.7483357074653482,1.0,True
332,0.01834180679541333,0.9747311827956989,0.6134453781512605,0.24550278976599604,0.5254955310280626,0.7523452467461789,1.0,True
333,0.018262600702388117,0.9747311827956989,0.6134453781512605,0.2452452730868528,0.5274924690972711,0.7567630997786203,1.0,True
334,0.01817810839019999,0.975268817204301,0.6218487394957983,0.2448892046993031,0.5293552412732588,0.7605599677359715,1.0,True
335,0.018099030630193556,0.975268817204301,0.6218487394957983,0.2445800676667427,0.5313009213428062,0.7643155669675737,1.0,True
336,0.01802325638160757,0.975268817204301,0.6218487394957983,0.24431925645697322,0.5333983888281683,0.7684682817669005,1.0,True
337,0.017942347812392928,0.975268817204301,0.6218487394957983,0.24400689472631742,0.5353250086214021,0.7722081285624198,1.0,True
338,0.017859078829722506,0.975268817204301,0.6218487394957983,0.24373491849827705,0.5371862514567605,0.7759681648691462,1.0,True
339,0.01778015259220378,0.975268817204301,0.6218487394957983,0.24345288005236454,0.5391680593282184,0.7797584573830717,1.0,True
340,0.017695664964766187,0.975268817204301,0.6218487394957983,0.24316558529561227,0.5411159097056715,0.784070686691716,1.0,True
341,0.017616858086960924,0.975268817204301,0.6218487394957983,0.24285080862870018,0.5430470620347058,0.7879167035129044,1.0,True
342,0.01753483715574617,0.975268817204301,0.6218487394957983,0.24253584628156047,0.5449784248346605,0.7913340374250784,1.0,True
343,0.017454203649745703,0.975268817204301,0.6218487394957983,0.24223415347218485,0.5470131012538408,0.7953803017446195,1.0,True
344,0.017370845651786163,0.975268817204301,0.6218487394957983,0.24192988690271272,0.5490465741109802,0.7989731609600309,1.0,True
345,0.017291386328980033,0.975268817204301,0.6218487394957983,0.24158442920598844,0.5511015654136385,0.8027520084029061,1.0,True
346,0.017230632813305377,0.975268817204301,0.6218487394957983,0.24129107852395024,0.5531535702298829,0.8068901069130363,1.0,True
347,0.017134125030798072,0.975268817204301,0.6218487394957983,0.24094943408031866,0.5551951216891408,0.8100514567384951,1.0,True
348,0.017054997066231693,0.9758064516129032,0.6302521008403361,0.24056440937856835,0.5572063287824898,0.8136043585212028,1.0,True
349,0.016974043845745943,0.9758064516129032,0.6302521008403361,0.24018427606875767,0.5592128616215359,0.8172105634448532,1.0,True
350,0.01689317626357427,0.9758064516129032,0.6302521008403361,0.23985190029802075,0.5612586016378062,0.8208593773982014,1.0,True
351,0.016817918149688714,0.9758064516129032,0.6302521008403361,0.23949252824093703,0.5632736244894861,0.8242096363145917,1.0,True
352,0.016736642266289653,0.9758064516129032,0.6302521008403361,0.2392312382962857,0.5652472860058244,0.8279600833339709,1.0,True
353,0.016656801133962652,0.9758064516129032,0.6302521008403361,0.2388205968198769,0.5674183845788542,0.8314600873351576,1.0,True
354,0.016580634788056447,0.9758064516129032,0.6302521008403361,0.2384861232229673,0.5693917763276639,0.8345604412761494,1.0,True
355,0.016502038971389216,0.9758064516129032,0.6302521008403361,0.23817201745540656,0.571542728783818,0.8382612566109099,1.0,True
356,0.016430131779970537,0.9758064516129032,0.6302521008403361,0.23781812725125256,0.5737279358340399,0.8419684759677384,1.0,True
357,0.0163506679179863,0.9758064516129032,0.6302521008403361,0.23750595595841606,0.5757122393444337,0.8451993270539746,1.0,True
358,0.016275588607390697,0.9758064516129032,0.6302521008403361,0.23713775046573912,0.5779467164110353,0.8485185107086259,1.0,True
359,0.016193725543321734,0.9758064516129032,0.6302521008403361,0.23674342589774944,0.5802021893959542,0.8515602192865342,1.0,True
360,0.01611910597227886,0.9758064516129032,0.6302521008403361,0.23642571105956287,0.5823360718814279,0.8550694665673726,1.0,True
361,0.01604396595655039,0.9758064516129032,0.6302521008403361,0.2360089844922369,0.5844152851288015,0.8579023710733008,1.0,True
362,0.015965205673138375,0.9758064516129032,0.6302521008403361,0.23567443310172845,0.5865500396298181,0.8612109936089763,1.0,True
363,0.01589308173576914,0.9758064516129032,0.6302521008403361,0.23530632347339558,0.5888348689597362,0.8639496219769398,1.0,True
364,0.01581619681069811,0.9758064516129032,0.6302521008403361,0.23499285052281238,0.591093737482987,0.8671688978265981,1.0,True
365,0.015751872168755843,0.9758064516129032,0.6302521008403361,0.2346476328130625,0.5933613565062463,0.869925778429919,1.0,True
366,0.015670555935273032,0.9758064516129032,0.6302521008403361,0.23435078328184908,0.5956054540695552,0.8735015015714158,1.0,True
367,0.01559364736391943,0.9758064516129032,0.6302521008403361,0.23404372055345066,0.5976849491203866,0.8763808670692498,1.0,True
368,0.015522706660588756,0.9758064516129032,0.6302521008403361,0.23373623963282752,0.5997184312596879,0.8792835792930918,1.0,True
369,0.015453459913805171,0.9758064516129032,0.6302521008403361,0.23342734722973335,0.6020200153163017,0.8822673762898798,1.0,True
370,0.015379688743788087,0.9758064516129032,0.6302521008403361,0.23310392550632913,0.6043014579416995,0.8854286502442359,1.0,True
371,0.015306671009469825,0.9758064516129032,0.6302521008403361,0.23271349085528303,0.6065916126069328,0.8881500655136496,1.0,True
372,0.015235361799123874,0.9758064516129032,0.6302521008403361,0.23242410412920467,0.60882952255607,0.8911898370366403,1.0,True
373,0.015165871176011054,0.9758064516129032,0.6302521008403361,0.23207321466921962,0.61111774057926,0.8940273457571335,1.0,True
374,0.01509570322589257,0.9758064516129032,0.6302521008403361,0.23169193002318356,0.6134672749009982,0.8967061598756814,1.0,True
375,0.015029525016965688,0.9768817204301076,0.6470588235294118,0.23134166920872293,0.6157964633877742,0.8995319728924861,1.0,True
376,0.014962711615817545,0.9768817204301076,0.6470588235294118,0.23104130590080002,0.6181541791779563,0.9023678825616086,1.0,True
377,0.0148894307070127,0.9774193548387097,0.6554621848739496,0.2307388237538494,0.6204191619684114,0.9048366770916088,1.0,True
378,0.014823038648206065,0.9779569892473118,0.6638655462184874,0.23046505475927412,0.6226773736593604,0.9075063045550484,1.0,True
379,0.014759102357789067,0.9779569892473118,0.6638655462184874,0.23016870684528248,0.625038907026167,0.9102544735349842,1.0,True
380,0.014690127252625751,0.9779569892473118,0.6638655462184874,0.22987577872785248,0.6273004416989783,0.9127453602507938,1.0,True
381,0.014622221004737564,0.9779569892473118,0.6638655462184874,0.2295625464556933,0.629650743646069,0.9151683065367042,1.0,True
382,0.014555533068846981,0.9774193548387097,0.6554621848739496,0.22921621328968184,0.6319619573528619,0.9176159803431005,1.0,True
383,0.014489882739582582,0.9779569892473118,0.6638655462184874,0.22895277825724078,0.6343083638808029,0.9202207164791136,1.0,True
384,0.014425867634672991,0.9779569892473118,0.6638655462184874,0.228674506072899,0.6364778664078962,0.9225213859385146,1.0,True
385,0.014362687957112808,0.9779569892473118,0.6638655462184874,0.22833090257519034,0.6388577577430974,0.9251591478168328,1.0,True
386,0.014300081659164987,0.9779569892473118,0.6638655462184874,0.22803250855491225,0.6412050529061186,0.9273024756558318,1.0,True
387,0.014236353867459169,0.9779569892473118,0.6638655462184874,0.2277748094680954,0.6435267518732456,0.9298403330921823,1.0,True
388,0.014173763355696452,0.978494623655914,0.6722689075630253,0.2275157486224104,0.6458228939864251,0.9323330216970864,1.0,True
389,0.01411378081797668,0.978494623655914,0.6722689075630253,0.22718394845969542,0.6482633674704337,0.9345192420505888,1.0,True
390,0.014052120401367253,0.9790322580645161,0.680672268907563,0.22687404567484365,0.6506275073714837,0.9366886525177651,1.0,True
391,0.013992552768610242,0.9801075268817204,0.6974789915966386,0.2265772565655431,0.6529437463391901,0.9390727807939887,1.0,True
392,0.013930851432324805,0.9801075268817204,0.6974789915966386,0.22630748055380676,0.6552451856648178,0.9410999611954327,1.0,True
393,0.013871327957197827,0.9801075268817204,0.6974789915966386,0.22610601397481325,0.6575389162908243,0.9433737945705917,1.0,True
394,0.013811581332232262,0.9801075268817204,0.6974789915966386,0.22584173131828794,0.6597889593695807,0.9454108602706333,1.0,True
395,0.013756772545788144,0.9801075268817204,0.6974789915966386,0.2255527039289617,0.662063058426795,0.9475343693796048,1.0,True
396,0.013697471339920933,0.9806451612903225,0.7058823529411765,0.22529125133252745,0.6644569667664427,0.9496218914912291,1.0,True
397,0.01363857542026272,0.9806451612903225,0.7058823529411765,0.22498973765804628,0.6668666481791027,0.951515122335963,1.0,True
398,0.013586223509567471,0.9806451612903225,0.7058823529411765,0.22469484985081795,0.6693344235671885,0.9533360176576692,1.0,True
399,0.01353091618086339,0.9806451612903225,0.7058823529411765,0.22447913167496567,0.6715148470245385,0.955172773316801,1.0,True
400,0.013472059150881581,0.9811827956989247,0.7142857142857143,0.22428716460752302,0.6737350431788522,0.9571993940463128,1.0,True
401,0.01341725743068427,0.9811827956989247,0.7142857142857143,0.22405163722046723,0.6760305912981681,0.9591632548258635,1.0,True
402,0.013363480129633797,0.9811827956989247,0.7142857142857143,0.22380849822734797,0.6783826113586362,0.9611528856422986,1.0,True
403,0.01331101615265863,0.9822580645161291,0.7310924369747899,0.22358612599230532,0.6806801695153208,0.9628500212708866,1.0,True
404,0.013255138322576313,0.9817204301075269,0.7226890756302521,0.22333928763730193,0.6829952131498092,0.9647794174207039,1.0,True
405,0.013205696955703573,0.9833333333333333,0.7478991596638656,0.22316964236388695,0.6851924420890507,0.9665361799643497,1.0,True
406,0.013151290692137451,0.9827956989247312,0.7394957983193278,0.222949337543343,0.6875240976657795,0.9685040819086637,1.0,True
407,0.013101419838564587,0.9833333333333333,0.7394957983193278,0.22265391424354883,0.6899303681337607,0.9700934154971168,1.0,True
408,0.013048534891508432,0.9833333333333333,0.7478991596638656,0.22249176940587134,0.6920287765645758,0.9720800045647546,1.0,True
409,0.01299787595373841,0.9844086021505376,0.7563025210084033,0.222306682636115,0.6942792149603804,0.9735871770762443,1.0,True
410,0.012946694692924195,0.9844086021505376,0.7563025210084033,0.22215583710056838,0.6965919703324766,0.9754124409258762,1.0,True
411,0.012897798982727077,0.9844086021505376,0.7647058823529411,0.22198312248124463,0.6986721678187193,0.9770219317757433,1.0,True
412,0.012846828606509748,0.9844086021505376,0.7647058823529411,0.2217714259995301,0.7009687489152314,0.9787331665024366,1.0,True
413,0.01279925230050325,0.9849462365591398,0.7647058823529411,0.2216074855332791,0.7032851156357447,0.980261936532294,1.0,True
414,0.01275323420522724,0.9849462365591398,0.7647058823529411,0.22141628279211067,0.7055826500291318,0.9818684783354272,1.0,True
415,0.012701380679828945,0.9849462365591398,0.7647058823529411,0.22125812765433583,0.7078265069528586,0.9835516811996612,1.0,True
416,0.012657826608186947,0.9844086021505376,0.7563025210084033,0.22108128670594812,0.7101957080900665,0.9849444456649458,1.0,True
417,0.012610100878602868,0.9849462365591398,0.7647058823529411,0.22096527757341308,0.7123525331525954,0.9865013924923594,1.0,True
418,0.012561816783540068,0.9849462365591398,0.7647058823529411,0.22082347665203997,0.7145280831841779,0.9879755620974613,1.0,True
419,0.012516186705113732,0.9849462365591398,0.7647058823529411,0.22069494249269506,0.7167545819401273,0.9893633821270784,1.0,True
420,0.01247347753049205,0.9854838709677419,0.773109243697479,0.22059452338178906,0.7189585922902927,0.9907546028958173,1.0,True
421,0.012425795295535223,0.9854838709677419,0.773109243697479,0.2204487110609683,0.721167930488565,0.9921317874529024,1.0,True
422,0.012380334586415824,0.9854838709677419,0.773109243697479,0.22037564748268101,0.7232852920018694,0.9936142298798843,1.0,True
423,0.012338206326378148,0.9854838709677419,0.773109243697479,0.22027943240568723,0.7253281280041005,0.9948464024718384,1.0,True
424,0.012291490216504592,0.9854838709677419,0.773109243697479,0.220135539763249,0.7275733919428702,0.9962351291289653,1.0,True
425,0.01224991511273204,0.9854838709677419,0.773109243697479,0.21999571252482963,0.7297878578471872,0.9974160710841223,1.0,True
426,0.012204706703948527,0.9854838709677419,0.773109243697479,0.21982525947268877,0.7320284564587696,0.9988674224190166,1.0,True
427,0.012164197980458345,0.986021505376344,0.7815126050420168,0.21970361488697643,0.7340675042513903,1.0002687126316978,1.0,True
428,0.012121407303157066,0.986021505376344,0.7815126050420168,0.21957520996412477,0.7363258804699193,1.001481775287088,1.0,True
429,0.012076866829091579,0.9854838709677419,0.773109243697479,0.21945901915257682,0.7384679584645772,1.0028050427647737,1.0,True
430,0.012034288305261721,0.986021505376344,0.7815126050420168,0.2193882692165778,0.7404912616754656,1.0040679623775346,1.0,True
431,0.011994921480371394,0.986021505376344,0.7815126050420168,0.21925007485457754,0.7426795659426624,1.0052957258508757,1.0,True
432,0.011950616353608062,0.986021505376344,0.7815126050420168,0.2191676528978991,0.7447970390371971,1.0065930948722013,1.0,True
433,0.011910093727499021,0.986021505376344,0.7815126050420168,0.21907007935153444,0.7468785354999727,1.0076898713657683,1.0,True
434,0.01187185125846582,0.986021505376344,0.7815126050420168,0.21894504958250097,0.7490979138093994,1.0087724913688838,1.0,True
435,0.011829646490942605,0.986021505376344,0.7815126050420168,0.21884228309007125,0.7512269839744588,1.0099997775147336,1.0,True
436,0.01179025763347305,0.986021505376344,0.7815126050420168,0.21874140274911685,0.7533630988132892,1.0112290990743997,1.0,True
437,0.011749489635367929,0.986021505376344,0.7815126050420168,0.21864720197108353,0.7554465489966106,1.0125274438437883,1.0,True
438,0.011709185003000567,0.986021505376344,0.7815126050420168,0.21854864962543852,0.7574962246263632,1.0136103614040346,1.0,True
439,0.011670067087523156,0.986021505376344,0.7815126050420168,0.2184738726329742,0.7596270721671524,1.0147653474659617,1.0,True
440,0.01163108509837434,0.986021505376344,0.7815126050420168,0.2184592411901835,0.7616691055555254,1.0157968530922081,1.0,True
441,0.011592443656064941,0.986021505376344,0.7815126050420168,0.21838599463936198,0.7637684923282513,1.0170679472830155,1.0,True
442,0.011553425943430578,0.986021505376344,0.7815126050420168,0.2183584103960669,0.7658374782164671,1.0178605803175182,1.0,True
443,0.011517440905749346,0.986021505376344,0.7815126050420168,0.21835065363650263,0.7678130221619128,1.0188807512077822,1.0,True
444,0.011477164641990872,0.986021505376344,0.7815126050420168,0.21822009256260083,0.7699013529296048,1.0201890697331208,1.0,True
445,0.011440743947423455,0.986021505376344,0.7815126050420168,0.218105897073552,0.7720202991209953,1.021049267622811,1.0,True
446,0.011403029830974777,0.986021505376344,0.7815126050420168,0.218047546426567,0.7740301790461956,1.0222853124323692,1.0,True
447,0.011364647882603782,0.986021505376344,0.7815126050420168,0.21796081210820314,0.7761983894609761,1.0231557157055242,1.0,True
448,0.011326029406299778,0.986021505376344,0.7815126050420168,0.21790639399406528,0.7781548577121069,1.02419786929424,1.0,True
449,0.011290509870709488,0.986021505376344,0.7815126050420168,0.21788647483550075,0.7801331361181483,1.0252403436197588,1.0,True
450,0.01125043700183548,0.986021505376344,0.7815126050420168,0.2177985305221255,0.7821449957329489,1.0261348777272499,1.0,True
451,0.011218226168021685,0.986021505376344,0.7815126050420168,0.21771507443167615,0.7841356066657192,1.0269336165591803,1.0,True
452,0.01117840220792991,0.986021505376344,0.7815126050420168,0.21764593231520551,0.7862051991133447,1.028133941401455,1.0,True
453,0.011141788957126787,0.986021505376344,0.7815126050420168,0.2175755783069761,0.7882286237520844,1.0292639581951935,1.0,True
454,0.011103882500565961,0.986021505376344,0.7815126050420168,0.21753517016037405,0.7902215715033347,1.0302325032254682,1.0,True
455,0.011066728578600507,0.986021505376344,0.7815126050420168,0.21746754137977709,0.7922927534186914,1.03114398558274,1.0,True
456,0.011031320032530418,0.986021505376344,0.7815126050420168,0.21743891099007961,0.7942473685065043,1.0321571054961887,1.0,True
457,0.010995545722150356,0.986021505376344,0.7815126050420168,0.21734204014630853,0.7962890603360473,1.0328734417543592,1.0,True
458,0.010957976146440543,0.986021505376344,0.7815126050420168,0.2173183256725245,0.7982735494808839,1.0338103941630012,1.0,True
459,0.01092302778575051,0.986021505376344,0.7815126050420168,0.21726246177390485,0.8002671602508687,1.0348165171114991,1.0,True
460,0.010885498943746907,0.986021505376344,0.7815126050420168,0.21723210231613282,0.8023037978868561,1.0356549799460524,1.0,True
461,0.01085475510717526,0.986021505376344,0.7815126050420168,0.21713556240426354,0.804267592137241,1.0363435271098997,1.0,True
462,0.010813829845565753,0.986021505376344,0.7815126050420168,0.21705632326949426,0.8063662988271906,1.0375074301691543,1.0,True
463,0.010778970262046121,0.986021505376344,0.7815126050420168,0.21700447567009673,0.8083816160947848,1.0385569107570838,1.0,True
464,0.010742007849132677,0.986021505376344,0.7815126050420168,0.21694261312834362,0.8103358307837628,1.0393917651416062,1.0,True
465,0.01070775651028294,0.986021505376344,0.7815126050420168,0.21689878775184487,0.8123796817151508,1.040289381179678,1.0,True
466,0.010672413073889211,0.986021505376344,0.7815126050420168,0.21683277874716556,0.814382301497643,1.0410805381306638,1.0,True
467,0.010639160283329271,0.986021505376344,0.7815126050420168,0.21679012320194913,0.8163064315343145,1.0419268079090978,1.0,True
468,0.010607592054779246,0.986021505376344,0.7815126050420168,0.21672029711318364,0.8182250323899195,1.043070938457694,1.0,True
469,0.010568153236008637,0.986021505376344,0.7815126050420168,0.21659437657006658,0.8202298721829424,1.0438941436923797,1.0,True
470,0.01053409650206459,0.986021505376344,0.7815126050420168,0.21654076416528995,0.8222250081149218,1.0447995697998036,1.0,True
471,0.010499771981134795,0.986021505376344,0.7815126050420168,0.2164527906647488,0.8242527515026927,1.0456142179976051,1.0,True
472,0.010462702017423027,0.986021505376344,0.7815126050420168,0.2164163191664224,0.8261648795912995,1.046346165505503,1.0,True
473,0.010426271015243096,0.986021505376344,0.7815126050420168,0.2163181761504167,0.8281806673292529,1.04720413264836,1.0,True
474,0.010392265117909541,0.986021505376344,0.7815126050420168,0.21627754002059024,0.8300028484601314,1.0480498578187896,1.0,True
475,0.010356365787299494,0.986021505376344,0.7815126050420168,0.21620474368525885,0.8320141384167945,1.0488120325081862,1.0,True
476,0.01032046504687791,0.986021505376344,0.7815126050420168,0.21614390883306045,0.8338551293414587,1.04973317741096,1.0,True
477,0.010285344940541915,0.986021505376344,0.7815126050420168,0.2161199960680528,0.8357373422231348,1.0505503243824923,1.0,True
478,0.010251584081708204,0.986021505376344,0.7815126050420168,0.2160631650045102,0.8375894184518722,1.0512204861728889,1.0,True
479,0.010215933892227259,0.986021505376344,0.7815126050420168,0.21595747295181106,0.8395106916006122,1.052044732982826,1.0,True
480,0.010181423905978107,0.986021505376344,0.7815126050420168,0.21584822528442632,0.8413779697609964,1.0528521073806163,1.0,True
481,0.010148322952012503,0.986021505376344,0.7815126050420168,0.21583564924685403,0.8431477464179276,1.053647527405928,1.0,True
482,0.010117699053188442,0.986021505376344,0.7815126050420168,0.21573392866111962,0.845040555336795,1.054343454650391,1.0,True
483,0.010081558493474058,0.986021505376344,0.7815126050420168,0.21570454154801963,0.8469549413414703,1.055279475114284,1.0,True
484,0.010046733124368911,0.986021505376344,0.7815126050420168,0.21567219977956056,0.8488571580945186,1.0561445029969903,1.0,True
485,0.010012164746457058,0.986021505376344,0.7815126050420168,0.21566861343296134,0.8506324708676936,1.0570263912000444,1.0,True
486,0.009977352455650271,0.986021505376344,0.7815126050420168,0.21561370058764318,0.8525060612600475,1.0579041840265693,1.0,True
487,0.009941694786089054,0.986021505376344,0.7815126050420168,0.21555570900785864,0.8542769082789203,1.0585365105399493,1.0,True
488,0.009908872031348537,0.986021505376344,0.7815126050420168,0.21552097654291033,0.8560491036837163,1.0593245729682343,1.0,True
489,0.00987319700168465,0.986021505376344,0.7815126050420168,0.21545505361176445,0.8578928809642365,1.0602742478462108,1.0,True
490,0.009840813925020493,0.986021505376344,0.7815126050420168,0.2153988825532974,0.85974251583195,1.060998310587694,1.0,True
491,0.009805853670850462,0.986021505376344,0.7815126050420168,0.21530350292222972,0.8615583320691965,1.0620756800658673,1.0,True
492,0.009772063524079812,0.986021505376344,0.7815126050420168,0.2152387665232152,0.8632947993718447,1.0629050149702337,1.0,True
493,0.009738780046817552,0.986021505376344,0.7815126050420168,0.21519659686020406,0.8650520063203543,1.0636410301271642,1.0,True
494,0.009708408243872592,0.986021505376344,0.7815126050420168,0.21517515481850807,0.8667072697822438,1.0642109334731478,1.0,True
495,0.009676667160664607,0.986021505376344,0.7815126050420168,0.21516900243365847,0.8683566846614358,1.0649467429099488,1.0,True
496,0.009638247148885155,0.986021505376344,0.7815126050420168,0.21509821378693603,0.8701944092942602,1.065983506855186,1.0,True
497,0.009607296713037802,0.986021505376344,0.7815126050420168,0.21505159018779396,0.8719105017378456,1.066602423955169,1.0,True
498,0.00957435254465822,0.986021505376344,0.7815126050420168,0.21500765431067007,0.8735906306128541,1.0675422009483393,1.0,True
499,0.00954374652758831,0.986021505376344,0.7815126050420168,0.21493477940150563,0.8752626492483464,1.068296298968657,1.0,True
500,0.009509767385917002,0.9865591397849462,0.7899159663865546,0.21489949481673387,0.8769145710230184,1.06939538332476,1.0,True
